KODE PUSK.,NAMA PUSKESMAS,JENIS PUSKESMAS,latitude,longitude
P3201010101,NANGGUNG,1,-6.5784693,106.5482501
P3201010202,CURUG BITUNG,2,-6.6257024,106.5413221
P3201020101,LEUWILIANG,1,-6.5741514,106.6320005
P3201020202,PURASEDA,2,-6.5686767,106.6346562
P3201020203,SADENG PASAR,2,-6.568917,106.5863278
P3201021201,LEUWISADENG,2,-6.2177919,106.7571974
P3201030201,PAMIJAHAN,2,-6.672197100000001,106.6640547
P3201030202,CIBENING,2,-6.6298036,106.67924
P3201030203,CIASMARA,2,-6.6848068,106.6487031
P3201040101,CIBUNGBULANG,1,-6.5749662,106.6606641
P3201040202,CIJUJUNG,2,-6.575929,106.6482624
P3201040203,SITU UDIK,2,-6.6157102,106.6570077
P3201050201,CIAMPEA,2,-6.5549198,106.696144
P3201050202,PASIR,2,-6.591831,106.7018735
P3201050203,CIAMPEA UDIK,2,-6.586017399999999,106.7559004
P3201050204,CIHIDEUNG UDIK,2,-6.5834237,106.7190411
P3201051201,TENJOLAYA,2,-6.6328067,106.6941444
P3201060101,DARMAGA,1,-6.5817553,106.7462706
P3201060202,CANGKURAWOK,2,-6.5521707,106.7324825
P3201060203,KAMPUNG MANGGIS,2,-6.5788476,106.7622961
P3201060204,PURWASARI,2,-6.615505,106.7273847
P3201070101,CIOMAS,1,-6.585306399999999,106.6891051
P3201070202,CIAPUS,2,-6.6139005,106.7507608
P3201070203,KOTA BATU,2,-6.6206993,106.7828166
P3201070204,LALADON,2,-6.5817273,106.758694
P3201071201,TAMANSARI,2,-6.6382693,106.7323097
P3201071202,SIRNA GALIH,2,-6.639074799999999,106.7780574
P3201071203,SUKARESMI,2,-6.6377482,106.7497372
P3201080201,CIJERUK,2,-6.6752696,106.7870524
P3201080202,CIBURAYUT,2,-6.7198397,106.7927658
P3201080203,SUKAHARJA,2,-6.6928652,106.7934247
P3201081101,CIGOMBONG,1,-6.6345451,106.6910322
P3201090201,CARINGIN,2,-6.7046463,106.81942
P3201090202,CINAGARA,2,-6.752176,106.8620891
P3201090203,CIDERUM,2,-6.679204899999999,106.8318497
P3201100201,CIAWI,2,-6.6686229,106.847726
P3201100202,BANJARSARI,2,-6.683679,106.8694651
P3201100203,CITAPEN,2,-6.7036146,106.8869674
P3201110201,CISARUA,2,-6.6840347,106.9512553
P3201110202,CIBULAN,2,-6.6806103,106.9322405
P3201120201,MEGAMENDUNG,2,-6.6401084,106.8716837
P3201120202,SUKAMANAH,2,-6.6841675,106.8981823
P3201130201,CILEBUT,2,-6.5885498,106.839355
P3201130102,CIMANDALA,1,-6.515313099999999,106.838281
P3201130103,SUKARAJA,1,-6.586931,106.8454207
P3201140201,BABAKAN MADANG,2,-6.5483469,106.8529094
P3201140202,CIJAYANTI,2,-6.5948213,106.8646685
P3201140203,SENTUL,2,-6.5258492,106.8580755
P3201150101,SUKAMAKMUR,1,-6.616081599999999,107.0007987
P3201150202,SUKADAMAI,2,-6.5548655,107.062802
P3201160201,CARIU,2,-6.509605,107.1302441
P3201160202,KARYAMEKAR,2,-6.5507564,107.1071
P3201161101,TANJUNGSARI,1,-6.5486328,106.7723511
P3201170101,JONGGOL,1,-6.462941,107.0672322
P3201170202,BALEKAMBANG,2,-6.5132126,107.0805202
P3201170203,SUKANEGARA,2,-6.5398176,107.0301679
P3201180201,CILEUNGSI,2,-6.402271799999999,106.9704941
P3201180202,GANDOANG,2,-6.4118694,107.0100285
P3201180203,PASIR ANGIN,2,-6.3949048,106.9743685
P3201180204,BOJONG,2,-6.3738681,106.9864686
P3201181201,KELAPA NUNGGAL,2,-6.4514269,106.9388118
P3201190101,GUNUNG PUTRI,1,-6.4168954,106.9374964
P3201190202,CIANGSANA,2,-6.3205668,106.9615875
P3201190203,KRANGGAN,2,-6.339585599999999,106.922975
P3201190204,BOJONG NANGKA,2,-6.4218015,106.9019911
P3201200101,CITEUREUP,1,-6.4954195,106.8596094
P3201200202,LEUWINUTUG,2,-6.4954195,106.8596094
P3201200203,TAJUR,2,-6.4954195,106.8596094
P3201210201,CIBINONG,2,-6.4709996,106.8499635
P3201210202,CIRIMEKAR,2,-6.4736804,106.8536016
P3201210203,KARADENAN,2,-6.5182585,106.8082216
P3201210204,PABUARAN INDAH,2,-6.4437918,106.8466881
P3201210205,SULIWER,2,-6.487495000000001,106.8496222
P3201220201,BOJONG GEDE,2,-6.4960615,106.7947017
P3201220202,RAGAJAYA,2,-6.442759,106.7750445
P3201220203,KEMUNING,2,-6.502131,106.7734617
P3201221201,TAJURHALANG,2,-6.4758182,106.7578498
P3201230201,KEMANG,2,-6.4770259,106.7301359
P3201230202,JAMPANG,2,-6.4833072,106.7320705
P3201231201,RANCA BUNGUR,2,-6.5379916,106.7312575
P3201240201,PARUNG,2,-6.4222402,106.7325943
P3201240202,BANTAR JAYA,2,-6.538972,106.7369369
P3201241201,CISEENG,2,-6.4492597,106.6779359
P3201241202,CIBEUTEUNG UDIK,2,-6.4906164,106.6894366
P3201250201,GUNUNG SINDUR,2,-6.3847562,106.6804186
P3201250202,COGREG,2,-6.4368613,106.6951991
P3201260101,RUMPIN,1,-6.4338847,106.7126772
P3201260202,CICANGKAL,2,-6.407839,106.6374435
P3201260203,GOBANG,2,-6.5082425,106.6519869
P3201270101,CIGUDEG,1,-6.5522735,106.5371411
P3201270202,LEBAK WANGI,2,-6.4301094,106.526721
P3201270203,BUNAR,2,-6.5183124,106.4981786
P3201271101,SUKAJAYA,1,-6.5895984,106.4899491
P3201271202,KIARA PANDAK,2,-6.5895984,106.4899491
P3201280101,JASINGA,1,-6.4621839,106.4599783
P3201280202,CURUG,2,-6.500314599999999,106.4103428
P3201280203,BAGOANG,2,-6.422545,106.4562429
P3201290101,TENJO,1,-6.3145573,106.4781618
P3201290202,PASAR REBO,2,-6.3781836,106.4382025
P3201300101,PARUNG PANJANG,1,-6.341754,106.569853
P3201300202,DAGO,2,-6.3529336,106.5597076
P3202010201,CIEMAS,2,-7.1928358,106.481884
P3202010202,TAMANJAYA,2,-7.1921046,106.5153727
P3202020201,CIRACAP,2,-7.316853800000001,106.50538
P3202021201,WALURAN,2,-7.2166489,106.5899229
P3202030201,SURADE,2,-7.373496,106.5234155
P3202030202,BUNIWANGI,2,-7.380528199999999,106.543676
P3202031201,CIBITUNG,2,-7.3604748,106.617578
P3202040201,JAMPANG KULON,2,-7.1471104,106.569212
P3202040202,CIMANGGU,2,-7.245533500000001,106.6733441
P3202050201,KALIBUNDER,2,-7.2360801,106.7175669
P3202060201,TEGAL BULED,2,-7.402557799999999,106.7175669
P3202060202,BANGBAYANG,2,-6.949881299999999,106.5817317
P3202070201,CIDOLOG,2,-7.3176333,106.8435828
P3202080101,SAGARANTEN,1,-7.0152873,106.9209079
P3202081201,CIDADAP,2,-7.2943194,106.9379424
P3202082201,CURUG KEMBAR,2,-7.2151673,106.938258
P3202090201,PABUARAN,2,-7.204636799999999,106.8332675
P3202100101,LENGKONG,1,-7.1268292,106.6832636
P3202110201,PELABUHAN RATU,2,-7.0114662,106.5669302
P3202110202,CITARIK,2,-6.9918507,106.5878723
P3202111201,SIMPENAN,2,-7.023358399999999,106.5760857
P3202120201,WARUNG KIARA,2,-6.9808716,106.7132159
P3202121201,BANTAR GADUNG,2,-6.9713464,106.8632221
P3202130101,JAMPANG TENGAH,1,-7.070097,106.7794556
P3202131201,PURABAYA,2,-7.0998731,106.8803817
P3202140201,CIKEMBAR,2,-6.9643669,106.7996896
P3202150201,NYALINDUNG,2,-7.0419836,106.9451676
P3202150202,CIJANGKAR,2,-7.2170642,106.8844643
P3202160201,GEGER BITUNG,2,-6.9825085,107.0264908
P3202170201,SUKARAJA,2,-6.9186063,106.9594718
P3202170202,LIMBANGAN,2,-6.889089100000001,106.9649673
P3202171201,KEBON PEDES,2,-6.9495818,106.9683273
P3202172201,CIREUNGHAS,2,-6.9576259,107.0366888
P3202173201,SUKALARANG,2,-6.9181832,107.0017178
P3202180201,KARAWANG,2,-6.888005499999999,106.9418497
P3202190201,KADU DAMPIT,2,-6.8605761,106.9182278
P3202200201,CISAAT,2,-6.912503399999999,106.8871687
P3202200202,SELAJAMBE,2,-6.8874819,106.8884788
P3202201201,GUNUNGGURUH,2,-6.9694665,106.8670608
P3202201202,CIBOLANGKIDUL,2,-6.9157334,106.8847403
P3202210201,CIBADAK,2,-6.894206,106.7995832
P3202210202,SEKARWANGI,2,-6.9010539,106.8417633
P3202211201,CICANTAYAN,2,-6.9104283,106.8607375
P3202212201,CARINGIN,2,-6.8732097,106.869669
P3202220101,NAGRAK,1,-6.8640394,106.7200348
P3202220202,GIRIJAYA,2,-6.8615026,106.8448654
P3202221201,CIAMBAR,2,-6.8174331,106.7973411
P3202230101,CICURUG,1,-6.7823422,106.782581
P3202230202,CIPARI,2,-6.8354862,106.6969303
P3202240201,CIDAHU,2,-6.7495347,106.7175669
P3202250201,PARAKAN SALAK,2,-6.798619299999999,106.7087835
P3202260201,PARUNGKUDA,2,-6.8087843,106.7699095
P3202261201,BOJONG GENTENG,2,-6.8558485,106.702825
P3202270201,KELAPA NUNGGAL,2,-6.8235612,106.6607734
P3202280201,CIKIDANG,2,-6.8963486,106.6478085
P3202290201,CISOLOK,2,-6.9545095,106.4354078
P3202291201,CIKAKAK,2,-6.960575,106.4940197
P3202300201,KABANDUNGAN,2,-6.7968636,106.6229077
P3203010201,AGRABINTA,2,-7.4186711,106.9020142
P3203011201,PUSAKASARI,2,-7.3758117,106.9817944
P3203020101,SINDANG BARANG,1,-7.4594805,107.1546037
P3203030101,CIDAUN,1,-7.332352999999999,107.4499404
P3203040201,NARINGGUL,2,-7.337043599999999,107.3316667
P3203050201,CIBINONG,2,-7.318263,107.1281071
P3203050202,GUNUNG BITUNG,2,-7.2896815,107.120271
P3203050203,GIRIJAYA,2,-7.2492195,107.1898113
P3203051201,CIKADU,2,-7.325499000000001,107.2522198
P3203060201,TANGGEUNG,2,-7.2713586,107.1203909
P3203070201,KADUPANDAK,2,-7.2586365,107.0465615
P3203071201,BOJONGLARANG,2,-7.269364500000001,107.0037509
P3203071202,CIJATI,2,-7.2578494,107.0332746
P3203080201,TAKOKAK,2,-7.0500696,107.0038539
P3203090101,SUKANAGARA,1,-7.1329373,107.1209772
P3203100101,PAGELARAN,1,-8.1916593,112.6229752
P3203100202,SINDANGKERTA,2,-7.181174800000001,107.1395903
P3203110201,CAMPAKA,2,-7.003038,107.1429668
P3203111201,CAMPAKAMULYA,2,-7.0719794,107.1781718
P3203120201,CIBEBER,2,-6.9362613,107.1228811
P3203120202,CIBAREGBEG,2,-6.9110023,107.1750393
P3203130201,WARUNGKONDANG,2,-6.8735217,107.0924023
P3203131201,GEKBRONG,2,-6.8675285,107.0396968
P3203140201,SUKASARI,2,-6.8825642,107.125573
P3203150201,SUKALUYU,2,-6.8420289,107.2282225
P3203160201,BOJONGPICUNG,2,-6.8444375,107.2708323
P3203160202,CIKONDANG,2,-6.8691102,107.2288777
P3203170101,CIRANJANG,1,-6.8144515,107.2437479
P3203161201,CIPEUYEUM,2,-6.8152806,107.2975003
P3203180101,MANDE,1,-6.7710117,107.1912548
P3203180202,KADEMANGAN,2,-6.7694482,107.1944915
P3203190201,KARANG TENGAH,2,-6.807247299999999,107.1588715
P3203190202,CIHERANG,2,-6.8019589,107.2112027
P3203200201,CIANJUR KOTA,2,-6.8266012,107.1357416
P3203200202,NAGRAK,2,-6.8308143,107.1179282
P3203200203,MUKA,2,-6.810542000000001,107.1479055
P3203210201,CUGENANG,2,-6.802552899999999,107.0603507
P3203210202,CIJEDIL,2,-6.801410499999999,107.0888562
P3203220201,CIPENDAWA,2,-6.7491507,107.0484317
P3203220202,SUKANAGALIH,2,-6.7092195,107.0568962
P3203221201,CIPANAS,2,-6.719864800000001,107.0317582
P3203230101,SUKARESMI,1,-6.733116,107.0842468
P3203230202,SUKAMAHI,2,-6.699999999999999,107.1
P3203240101,CIKALONGKULON,1,-6.7167673,107.2131674
P3203240202,CIJAGANG,2,-6.7003882,107.1813864
P3204010201,CIWIDEY,2,-7.084922499999999,107.4461432
P3204010202,RAWABOGO,2,-7.0663918,107.4351532
P3204011201,RANCABALI,2,-7.145749,107.3884992
P3204020201,PASIR JAMBU,2,-7.0941717,107.4831256
P3204020202,SUGIHMUKTI,2,-7.2026011,107.4558555
P3204040101,PANGALENGAN DTP,1,-7.175287200000001,107.5708808
P3204040202,SUKAMANAH,2,-7.204665800000001,107.6008169
P3204040203,WARNASARI,2,-7.1953417,107.5090974
P3204030201,CIKALONG,2,-7.1208037,107.5553305
P3204030202,CAMPAKAMULYA,2,-7.1039398,107.5919508
P3204050201,KERTA SARI,2,-7.1892838,107.6629672
P3204050202,SANTOSA,2,-7.251945000000001,107.636803
P3204060201,PACET,2,-7.1051896,107.7047129
P3204060202,PANCA,2,-7.122259499999999,107.7251314
P3204070201,IBUN,2,-7.1307171,107.772504
P3204070202,SUDI,2,-7.0805827,107.7680624
P3204080201,PASEH,2,-7.0550098,107.7788775
P3204080202,CIPEDES,2,-7.0331395,107.7947126
P3204090201,CIKANCUNG,2,-7.0135586,107.8295997
P3204090202,CILULUK,2,-7.0377637,107.8111735
P3204100101,CICALENGKA DTP,1,-6.986789399999999,107.8391164
P3204100202,SAWAHLEGA,2,-7.0007183,107.8690784
P3204101201,NAGREG,2,-7.0153265,107.8783287
P3204110101,RANCA EKEK DTP,1,-6.9672737,107.7649114
P3204110202,LINGGAR,2,-7.049716,107.8996224
P3204110203,NANJUNGMEKAR,2,-6.9693991,107.827293
P3204120201,CIKARO,2,-6.966195000000001,107.7728916
P3204120202,MAJALAYA,2,-7.0517978,107.7458559
P3204120203,WANGISAGARA,2,-7.0728923,107.7067149
P3204121202,PADAMUKTI,2,-7.023781,107.774989
P3204121201,SOLOKAN JERUK,2,-7.01147,107.7489814
P3204130101,CIPARAY DTP,1,-6.9662329,107.6351892
P3204130202,PAKUTANDANG,2,-7.049371499999999,107.708849
P3204130203,SUMBERSARI,2,-7.0045509,107.7014482
P3204140201,BALEENDAH,2,-7.0073243,107.6238643
P3204140202,JELEKONG,2,-7.0728923,107.7067149
P3204140203,RANCAMANYAR,2,-6.988033,107.5948986
P3204150201,ARJASARI,2,-7.0449328,107.6089908
P3204150102,BANJARAN NAMBO DTP,1,-7.0459926,107.5963782
P3204161201,NAGRAK,2,-7.0625219,107.5539997
P3204160201,KIANGROKE,2,-7.053889,107.5719776
P3204160202,BANJARAN,2,-7.047687199999999,107.5836555
P3204170201,PAMEUNGPEUK,2,-7.024748000000001,107.5944494
P3204180201,KATAPANG,2,-7.010297599999999,107.5507283
P3204180202,SANGKAN HURIP,2,-7.003500499999999,107.5765505
P3204190201,SOREANG,2,-7.0232604,107.5211127
P3204190202,SUKAJADI,2,-7.0272463,107.5388578
P3204191201,KUTAWARINGIN,2,-6.975504099999999,107.5179721
P3204191202,KOPO,2,-6.960391,107.581376
P3204250201,MARGA ASIH,2,-6.9310528,107.5402073
P3204250202,RAHAYU,2,-6.9628079,107.5597657
P3204260201,BIHBUL,2,-6.9618391,107.5786351
P3204260202,MARGAHAYU SELATAN,2,-6.9690053,107.5537058
P3204270201,DAYEUH KOLOT,2,-6.9896686,107.6273354
P3204270202,CANGKUANG,2,-6.9738139,107.5946204
P3204280201,BOJONGSOANG,2,-6.9673508,107.6375513
P3204290201,CINUNUK,2,-6.9386562,107.7350187
P3204290202,CILEUNYI,2,-6.9398342,107.7535199
P3204290203,CIBIRU HILIR,2,-6.968032099999999,107.7132895
P3204300201,CILENGKRANG,2,-6.906132,107.6999744
P3204310201,CIMENYAN,2,-6.8884485,107.6603545
P3204310202,CIBEUNYING,2,-6.9136898,107.6638337
P3205010101,CISEWU DTP,1,-7.3615832,107.497265
P3205011201,SUKA RAME,2,-7.5000389,107.5000681
P3205020201,TALEGONG,2,-7.2883017,107.5269985
P3205030101,BUNGBULANG DTP,1,-7.456006,107.5998837
P3205050101,SINDANGRATU DTP,1,-7.4507684,107.6436
P3205031201,MEKARMUKTI,2,-7.5009318,107.5788327
P3205040201,PAMULIHAN,2,-7.3737257,107.7103291
P3205040202,CISANDAAN,2,-7.456045,107.5997796
P3205060201,CIKELET,2,-7.6144502,107.6772682
P3205060202,CIMARI,2,-7.5783918,107.6570475
P3205070101,PEMEUNGPEUK DTP,1,-7.6409831,107.7325797
P3205080201,CIBALONG,2,-7.6748443,107.7834044
P3205080202,MAROKO,2,-7.6174516,107.902819
P3205090201,CISOMPET,2,-7.548691199999999,107.8127623
P3205100201,PEUNDEUY,2,-7.603651,107.916284
P3205110101,SINGA JAYA DTP,1,-7.4847517,107.8988527
P3205111201,CIHURIP,2,-7.4925543,107.8590894
P3205120101,CIKAJANG DTP,1,-7.4788207,107.8342517
P3205130201,BANJAR WANGI,2,-7.4376482,107.9043202
P3205140101,CILAWU DTP,1,-7.319356000000001,107.9334822
P3205140202,BOJONGLOA,2,-7.320155999999999,107.9324921
P3205150101,BAYONGBONG DTP,1,-7.266462100000001,107.8160862
P3205150202,CILIMUS,2,-7.248923599999999,107.877538
P3205151201,SUKAHURIP,2,-7.216569,107.9061442
P3205160101,CISURUPAN DTP,1,-7.3095348,107.7934055
P3205160202,PAKUWON,2,-7.2157251,107.901989
P3205161201,SUKAMULYA,2,-7.2587037,107.8021158
P3205170201,SAMARANG,2,-7.2208283,107.8379593
P3205170202,SUKAKARYA,2,-7.218311199999999,107.8412619
P3205171201,PADAWAAS,2,-7.2157305,107.7838488
P3205171202,GADOG,2,-7.2157305,107.7838488
P3205181201,HAUR PANGGUNG,2,-7.2008511,107.9053978
P3205181202,KERSAMENAK,2,-7.2344744,107.8634363
P3205181203,PEMBANGUNAN,2,-7.205573999999999,107.8872997
P3205182201,CIPANAS,2,-7.161906999999999,107.9019057
P3205182102,TAROGONG DTP,1,-7.190262600000001,107.896909
P3205182203,MEKARWANGI,2,-7.212150400000001,107.8473507
P3205190201,SILIWANGI,2,-7.216807900000001,107.9033514
P3205190202,GUNTUR,2,-7.214786099999999,107.9138899
P3205190203,PASUNDAN,2,-7.2275485,107.9057757
P3205200201,KARANGPAWITAN,2,-7.2076933,107.9452858
P3205200202,KARANGMULYA,2,-7.2119139,107.9313874
P3205200203,CEMPAKA,2,-7.226930500000001,107.9331848
P3205210101,WANARAJA DTP,1,-7.1779978,107.9787814
P3205211201,GARAWANGSA,2,-7.1980434,107.993185
P3205212201,CIMARAGAS,2,-7.1578549,107.9934787
P3205220201,SUKAWENING,2,-7.1604654,108.0074176
P3205220202,SUKA MUKTI,2,-7.158269499999999,108.0198557
P3205220203,MARIPARI,2,-7.1391886,107.9892017
P3205221201,KARANGTENGAH,2,-7.1498547,108.0687579
P3205230201,SUKA SENANG,2,-7.180202599999999,107.9299564
P3205230202,BAGENDIT,2,-7.159019,107.9368882
P3205230203,SUKARAJA,2,-7.1473506,107.8990384
P3205240101,LELES DTP,1,-7.1091224,107.8987549
P3205240202,LEMBANG,2,-7.117117599999999,107.8554249
P3205250201,LEUWIGOONG,2,-7.0667519,107.96332
P3205260101,CIBATU DTP,1,-7.0968028,107.9841551
P3205261201,SUKAMERANG,2,-7.0557206,108.0089491
P3205270201,CIBIUK,2,-7.0642934,107.9639199
P3205280201,RANCASALAK,2,-7.0832979,107.8799282
P3205280202,KADUNGORA,2,-7.0846395,107.898608
P3205290101,BALUBUR LIMBANGAN D,1,-7.0372849,107.9774014
P3205300201,SELAAWI,2,-7.0041478,108.0227497
P3205310101,MALANGBONG DTP,1,-7.061878,108.086985
P3205310202,CITERAS,2,-7.0579749,108.0590853
P3206010101,CIPATUJAH,1,-7.734471499999999,108.0192361
P3206020101,KARANG NUNGGAL,1,-7.631289199999999,108.1141195
P3206030101,CIKALONG,1,-7.7926261,108.2116501
P3206040201,PANCATENGAH,2,-7.6929772,108.2667585
P3206050101,CIKATOMAS,1,-7.6338261,108.2375801
P3206060201,CIBALONG,2,-7.516667,108.166667
P3206061201,PARUNGPONTENG,2,-7.5062362,108.147686
P3206070201,BANTARKALONG,2,-7.6296217,108.104328
P3206071101,BOJONGASIH,1,-7.5761879,108.1399022
P3206072201,CULAMEGA,2,-7.595910099999998,108.0589354
P3206080201,BOJONGGAMBIR,2,-7.484175199999999,107.985777
P3206090201,SODONGHILIR,2,-7.4915539,108.0569021
P3206100101,TARAJU,1,-7.4479226,108.0285385
P3206110201,SALAWU,2,-7.3769848,108.0377658
P3206111201,PUSPAHIANG,2,-7.414506899999999,108.0494139
P3206120201,TANJUNGJAYA,2,-7.4049526,108.1458316
P3206130101,SUKARAJA,1,-7.475609,108.195756
P3206140201,SALOPA,2,-7.5159065,108.2724176
P3206141201,JATIWARAS,2,-7.4845259,108.2229243
P3206150201,CINEAM,2,-7.398918699999999,108.350464
P3206160101,MANONJAYA,1,-7.351134699999999,108.3087658
P3206161201,GUNUNGTANJUNG,2,-7.409309500000001,108.2881709
P3206190201,SINGAPARNA,2,-7.350303,108.1253899
P3206190102,TINEWATI,1,-7.3454591,108.1333671
P3206191101,SUKARAME,1,-7.3588922,108.1339729
P3206192201,MANGUNREJA,2,-7.370715899999999,108.0983994
P3206200101,CIGALONTANG,1,-7.35,108.016667
P3206210201,LEUWI SARI,2,-7.318761800000001,108.104328
P3206210202,KARANGJAYA,2,-7.317330699999999,108.0810962
P3206211201,SARIWANGI,2,-7.326264,108.0791321
P3206212201,CISARUNI,2,-7.3490408,108.1089728
P3206221101,SUKARATU,1,-7.266121999999999,108.1280437
P3206230201,CISAYONG,2,-7.259984199999999,108.1517612
P3206231201,SUKAHENING,2,-7.208618899999999,108.1458316
P3206240101,RAJAPOLAH,1,-7.2237487,108.1858582
P3206250101,JAMANIS,1,-7.191089600000001,108.1753701
P3206260101,CIAWI,1,-7.1573645,108.1561508
P3206261201,KADIPATEN,2,-7.161097799999999,108.1413845
P3206270201,PAGERAGEUNG,2,-7.112278099999999,108.1649523
P3206271201,SUKARESIK,2,-7.1643268,108.1888233
P3207010201,CIMERAK,2,-7.7344506,108.3810017
P3207010202,LEGOKJAWA,2,-7.810539599999999,108.4216702
P3207020101,CIJULANG,1,-7.729373799999999,108.4720357
P3207030201,CIGUGUR,2,-7.632775499999999,108.4163784
P3207040201,LANGKAPLANCAR,2,-7.533344700000001,108.4127686
P3207050101,PARIGI,1,-7.704104500000001,108.4933956
P3207050202,SELASARI,2,-7.6220442,108.5194053
P3207060201,CIKEMBULAN,2,-7.6772255,108.62972
P3207060202,SIDAMULIH,2,-7.6434343,108.6087875
P3207070101,PANGANDARAN,1,-7.683332999999999,108.65
P3207080101,KALIPUCANG,1,-7.6496177,108.7535505
P3207090101,PADAHERANG,1,-7.543898899999999,108.6930549
P3207090202,SINDANGWANGI,2,-7.6453352,108.7526916
P3207091101,MANGUNJAYA,1,-6.2523411,107.0585458
P3207100101,BANJARSARI,1,-7.4888007,108.6159947
P3207100202,CIULU,2,-7.526239800000001,108.6806956
P3207100203,CIGAYAM,2,-7.4936664,108.5522531
P3207110101,LAKBOK,1,-7.3969871,108.6792847
P3207110202,SIDAHARJA,2,-7.4229904,108.698586
P3207111201,CIAWITALI,2,-7.4489346,108.655094
P3207120201,PAMARICAN,2,-7.4407853,108.5209075
P3207120202,KERTAHAYU,2,-7.472478499999998,108.5989579
P3207130201,CIDOLOG,2,-7.395856500000001,108.426179
P3207140101,CIMARAGAS,1,-7.3627273,108.3639264
P3207150201,CIJEUNGJING,2,-7.346704300000001,108.4316061
P3207150202,HANDAPHERANG,2,-7.3427921,108.3781398
P3207160201,CISAGA,2,-7.3294437,108.3964587
P3207170201,TAMBAKSARI,2,-7.248506,108.5340942
P3207180101,RANCAH,1,-7.195914500000001,108.5166348
P3207190201,RAJADESA,2,-7.1827101,108.4339754
P3207200201,MARGAHARJA,2,-7.304939900000001,108.4144472
P3207210201,CIAMIS,2,-7.3291938,108.3515909
P3207210202,IMBANAGARA,2,-7.321942999999999,108.3074509
P3207211201,BAREGBEG,2,-7.3040976,108.363814
P3207220201,SINDANGKASIH,2,-7.307131399999999,108.2429813
P3207220202,MANDALIKA,2,-7.320587600000001,108.2778624
P3207230201,CIHAURBEUTI,2,-7.2240856,108.2010421
P3207230202,SUKAMULYA,2,-7.130838799999999,108.2658665
P3207240201,SADANANYA,2,-7.2677375,108.3139627
P3207250101,CIPAKU,1,-7.249199399999999,108.3759245
P3207250202,CIEURIH,2,-7.214861999999999,108.3549334
P3207260201,JATINAGARA,2,-7.1827101,108.4339754
P3207270101,GARDUJAYA,1,-6.7320229,108.5523164
P3207270202,PANAWANGAN,2,-7.1863871,108.3653852
P3207280101,KAWALI,1,-7.185105699999999,108.3696329
P3207280202,LUMBUNG,2,-7.1694381,108.3534945
P3207280203,KAWALIMUKTI,2,-7.186482100000001,108.3699536
P3207290101,PANJALU,1,-7.1328789,108.2675357
P3207291101,SUKAMANTRI,1,-7.088426699999999,108.2808138
P3207300101,PANUMBANGAN,1,-7.1959767,108.1853141
P3207300202,PAYUNGSARI,2,-7.123468399999999,108.2334538
P3207041202,JADIKARYA,2,-7.568698400000001,108.4928912
P3208010101,DARMA,1,-7.0027166,108.4102263
P3208020201,KADUGEDE,2,-7.0042382,108.4519962
P3208021201,NUSAHERANG,2,-7.001489899999999,108.430572
P3208030201,CINIRU,2,-7.019413800000001,108.471623
P3208031201,HANTARA,2,-7.057032599999999,108.4543113
P3208040101,SELAJAMBE,1,-6.9689659,108.48805
P3208050201,SUBANG,2,-7.0138053,108.5700636
P3208051201,CILEBAK,2,-7.133332999999999,108.583333
P3208061201,KARANGKENCANA,2,-7.095716899999999,108.6596232
P3208070101,CIBINGBIN,1,-7.0541873,108.7587769
P3208071201,CIBEUREUM,2,-7.0520167,108.7313756
P3208071202,CIWARU,2,-7.096783299999999,108.6623175
P3208080101,LURAGUNG,1,-7.0163148,108.6315676
P3208081201,CIMAHI,2,-6.9830741,108.6947617
P3208090101,CIDAHU,1,-6.9810899,108.6387861
P3208091201,KALIMANGGIS,2,-6.9672369,108.6137085
P3208100201,CIAWIGEBANG,2,-6.9760899,108.5939254
P3208100202,CIHAUR,2,-6.9531648,108.5775292
P3208101201,CIPICUNG,2,-6.9394056,108.5388958
P3208110201,MEKARWANGI,2,-7.010888599999999,108.6020107
P3208111201,MALEBER,2,-7.0261129,108.56709
P3208120201,GARAWANGI,2,-6.9990068,108.5357937
P3208121201,SINDANGAGUNG,2,-6.9734959,108.5244324
P3208130201,KUNINGAN,2,-6.9716657,108.5153798
P3208130202,WINDU SENGKAHAN,2,-6.971778700000001,108.5016325
P3208130203,LAMEPAYUNG,2,-6.978249399999999,108.4851924
P3208140201,SUKA MULYA,2,-6.973540799999999,108.454078
P3208150201,KRAMATMULYA,2,-6.9315948,108.4884893
P3208160201,JALAKSANA,2,-6.9187846,108.4869263
P3208161201,JAPARA,2,-6.9017035,108.5155414
P3208170101,CILIMUS,1,-6.874854099999999,108.4969227
P3208170202,LINGGARJATI,2,-6.8879194,108.4483763
P3208170203,MANGGARI,2,-6.8913167,108.5481745
P3208171201,CIGANDAMEKAR,2,-6.874367299999999,108.5314753
P3208180201,MANDIRANCAN,2,-6.8092336,108.4689934
P3208181201,PANCALANG,2,-6.821164,108.4857109
P3208190201,PASAWAHAN,2,-6.817375999999999,108.4187029
P3209010201,WALED,2,-6.918179599999999,108.7090465
P3209010202,CIBOGO,2,-6.8881622,108.6931638
P3209011201,PASALEMAN,2,-6.9228238,108.7274276
P3209020201,CILEDUG,2,-6.9075352,108.7490419
P3209021201,PABUARAN,2,-6.896941300000001,108.7230799
P3209030101,LOSARI,1,-6.8397801,108.7883125
P3209030202,ASTANALANGGAR,2,-6.8540385,108.8049722
P3209031201,TERSANA,2,-6.8499408,108.7576337
P3209031202,KALIBUNTU,2,-6.8751038,108.7809476
P3209040201,BABAKAN,2,-6.8711484,108.7219678
P3209040202,GEMBONGAN,2,-6.8629819,108.708348
P3209041201,GEBANG,2,-6.8222688,108.7345694
P3209050201,KARANG SEMBUNG,2,-6.8545522,108.6454564
P3209051201,KUBANGDELEG,2,-6.863887999999999,108.6438041
P3209060101,SINDANG LAUT,1,-6.8298561,108.6258858
P3209061201,SUSUKAN LEBAK,2,-6.865867600000001,108.6266055
P3209070201,SEDONG,2,-6.863154300000001,108.5858906
P3209080201,ASTANA JAPURA,2,-6.8015273,108.6147858
P3209080202,SIDAMULYA,2,-6.818657,108.6131093
P3209081101,PANGENAN,1,-6.8294377,108.7755386
P3209090201,MUNDU,2,-6.7700479,108.5941809
P3209100101,BEBER,1,-6.7630782,108.5298891
P3209101201,KAMARANG,2,-6.7406403,108.5520124
P3209111201,TALUN,2,-6.7529306,108.5185672
P3209111202,CIPERNA,2,-6.7722493,108.525539
P3209120201,SUMBER,2,-6.75963,108.4858717
P3209120202,WATU BELAH,2,-6.733702999999999,108.496734
P3209120203,SENDANG,2,-6.759453799999999,108.4970469
P3209121101,DUKU PUNTANG,1,-6.7743633,108.4103749
P3209121202,SINDANG JAWA,2,-6.764551,108.4472635
P3209130101,PALIMANAN,1,-6.7073372,108.4527116
P3209130202,KEPUH,2,-6.7651766,108.4162997
P3209140101,PLUMBON,1,-6.702095,108.47586
P3209140202,LURAH,2,-6.7249395,108.4626675
P3209141201,WARUROYOM,2,-6.7321594,108.4977239
P3209150201,KARANGSARI,2,-6.722231,108.498224
P3209151201,PANGKALAN,2,-6.6995111,108.4947534
P3209151202,PLERED,2,-6.7048412,108.5031945
P3209161201,ASTAPADA,2,-6.742276,108.498916
P3209162201,KEDAWUNG,2,-6.7093992,108.528562
P3209171201,GUNUNG JATI,2,-6.648697299999999,108.5312828
P3209171202,MAYUNG,2,-6.650635299999999,108.5295095
P3209180201,KEDATON,2,-6.6107407,108.5201618
P3209181101,SURANENGGALA,1,-6.6107407,108.5201618
P3209190201,KLANGENAN,2,-6.7105403,108.4410964
P3209190202,JEMARAS,2,-6.707294999999999,108.4434847
P3209191201,WANGUN HARJA,2,-6.664910099999999,108.4875131
P3209200201,TEGAL GUBUG,2,-6.6261059,108.3844216
P3209201201,PANGURAGAN,2,-6.6435016,108.4220445
P3209210201,CIWARINGIN,2,-6.655950400000001,108.3985153
P3209211201,WINONG,2,-6.6795196,108.4127686
P3209211202,GEMPOL,2,-6.699853399999999,108.4032974
P3209220201,SUSUKAN,2,-6.641150100000001,108.3937862
P3209220202,BUNDER,2,-6.614948399999999,108.3652973
P3209230201,GEGESIK,2,-6.6382774,108.4386323
P3209230202,JAGAPURA,2,-6.5259371,108.4316749
P3209231201,KALIWEDI,2,-6.601681,108.4202388
P3210010201,LEMAHSUGIH,2,-6.9955749,108.193271
P3210010202,MARGAJAYA,2,-6.9955749,108.193271
P3210020101,BANTARUJEG,1,-6.9559114,108.2361922
P3210021201,MALAUSMA,2,-7.039717599999999,108.2466488
P3210030101,CIKIJING,1,-7.0001709,108.3356312
P3210031201,CINGAMBUL,2,-7.0457033,108.3534306
P3210040101,TALAGA,1,-6.9842483,108.3163497
P3210041201,BANJARAN,2,-6.9638246,108.3133834
P3210050201,ARGAPURA,2,-6.9094641,108.3252487
P3210060101,MAJA,1,-6.889882999999999,108.3015185
P3210070201,MAJALENGKA,2,-6.8360353,108.2362691
P3210070202,MUNJUL,2,-6.836195500000001,108.1992015
P3210080201,CIGASONG,2,-6.8089561,108.2407175
P3210090201,SUKAHAJI,2,-6.8227132,108.2822389
P3210090202,SALAGEDANG,2,-6.8010676,108.3119002
P3210091201,SINDANG,2,-6.8364632,108.3237655
P3210100101,RAJAGALUH,1,-6.7552071,108.4373677
P3210110201,SINDANGWANGI,2,-6.7860765,108.3768723
P3210120201,LEUWIMUNDING,2,-6.724145,108.3489807
P3210130201,WARINGIN,2,-6.753235699999999,108.291137
P3210140101,JATIWANGI,1,-6.7282675,108.2493351
P3210140202,LOJI,2,-6.7205476,108.2763069
P3210150201,BALIDA,2,-6.7479568,108.2288552
P3210151201,KASOKANDEL,2,-6.7557677,108.2101671
P3210160201,PANYINGKIRAN,2,-6.8010033,108.1814105
P3210170201,KADIPATEN,2,-6.7770651,108.1710329
P3210180201,KERTAJATI,2,-6.6387947,108.1399022
P3210180202,SUKAMULYA,2,-6.6387947,108.1399022
P3210190101,JATITUJUH,1,-6.6450618,108.2384393
P3210190202,PANONGAN,2,-6.6714439,108.2229243
P3210200101,LIGUNG,1,-6.669187,108.2822389
P3210210101,SUMBERJAYA,1,-6.713609700000001,108.3237655
P3211010101,JATINANGOR,1,-6.9323552,107.7777643
P3211020201,CIMANGGUNG,2,-6.9557587,107.8243463
P3211030101,TANJUNG SARI,1,-6.9144367,107.6994477
P3211030202,MARGAJAYA,2,-6.9065198,107.8092807
P3211031201,SUKASARI,2,-6.8852594,107.5780992
P3211032201,HAURNGOMBONG,2,-6.9036356,107.8284656
P3211032202,PAMULIHAN,2,-6.8762533,107.8258075
P3211040201,RANCA KALONG,2,-6.924948,107.7840621
P3211050201,SUMEDANG SELATAN,2,-6.8666126,107.8898512
P3211050202,SUKAGALIH,2,-6.8675985,107.9338838
P3211060201,KOTA KALER,2,-6.8448398,107.926847
P3211060202,SITU,2,-6.836178899999999,107.9232438
P3211061201,GANEAS,2,-6.846198100000001,107.9726913
P3211070201,SITURAJA,2,-6.8397305,108.0184361
P3211071201,CISITU,2,-6.872957299999999,108.0450467
P3211080101,DARMA RAJA,1,-6.9223987,108.0613479
P3211090201,CIBUGEL,2,-6.9666885,108.0386818
P3211100201,WADO,2,-6.9595662,108.0827423
P3211101201,JATINUNGGAL,2,-6.9498153,108.1315094
P3211111201,JATIGEDE,2,-6.834033799999999,108.1024642
P3211120101,TOMO,1,-6.7603293,108.1394158
P3211130201,UJUNGJAYA,2,-6.7640047,108.1298628
P3211140101,CONGGEANG,1,-6.7358731,108.0065173
P3211150201,PASEH,2,-6.8074135,107.9893286
P3211160201,CIMALAKA,2,-6.7867228,107.9301246
P3211161201,CISARUA,2,-6.824874299999999,107.9658257
P3211170101,SUKAMANTRI,1,-6.847813599999999,107.927653
P3211170202,TANJUNG KERTA,2,-6.7349643,107.8968943
P3211171201,TANJUNGMEDAR,2,-6.7626114,107.8435776
P3211180201,BUAH DUA,2,-6.6988305,107.9515445
P3211180202,HARIANG,2,-6.70377,107.9087438
P3211181201,SURIAN,2,-6.632833499999999,107.8630457
P3212010101,HAUR GEULIS,1,-6.4990285,107.9828138
P3212010202,CIPANCUH,2,-6.4580839,107.9410991
P3212010203,WANAKAYA,2,-6.4884966,107.8479948
P3212011201,GANTAR,2,-6.4990285,107.9828138
P3212020201,KROYA,2,-6.4894208,108.0649098
P3212020202,TEMIYANG,2,-6.4386017,108.0281887
P3212030201,GABUS WETAN,2,-6.4450091,108.0370302
P3212030202,DRUNTEN WETAN,2,-6.4046531,108.0539382
P3212040201,CIKEDUNG,2,-6.5012897,108.1757225
P3212041101,TERISI,1,-6.4809654,108.1483459
P3212050201,LELEA,2,-6.466834800000001,108.2347863
P3212050202,TUGU,2,-6.512172,108.2138852
P3212060201,BANGO DUA,2,-6.5003106,108.2941031
P3212061201,TUKDANA,2,-6.530122,108.2807559
P3212070101,WIDASARI,1,-6.5188837,108.3488102
P3212080201,KERTA SEMAYA,2,-6.5188837,108.3488102
P3212081101,SUKAGUMIWANG,1,-6.570590399999999,108.3237655
P3212090201,KRANGKENG,2,-6.4641461,108.4570219
P3212090202,KEDUNGWUNGU,2,-6.5096712,108.4551446
P3212100201,KARANG AMPEL,2,-6.458029300000001,108.4721169
P3212100202,KAPLONGAN,2,-6.4802548,108.4542067
P3212101101,KERTICALA,1,-6.5615269,108.2801341
P3212101202,KEDOKAN BUNDER,2,-6.5130764,108.4269985
P3212110201,JUNTI NYUAT,2,-6.4282966,108.4238737
P3212110202,PONDOH,2,-6.4301473,108.4009001
P3212120201,SLIYEG,2,-6.4443076,108.3592849
P3212120202,TAMBI,2,-6.4832594,108.3415642
P3212130201,JATI BARANG,2,-6.4721563,108.3025764
P3212130202,JATISAWIT,2,-6.4270377,108.2990646
P3212140201,BALONGAN,2,-6.3703721,108.3920024
P3212150201,MARGADADI,2,-6.323572,108.3266624
P3212150202,PLUMBON,2,-6.3750348,108.3158182
P3212160201,SINDANG,2,-6.3540131,108.29262
P3212160202,BABADAN,2,-6.3134412,108.3188732
P3212161201,CANTIGI,2,-6.3345013,108.2347863
P3212162201,PASEKAN,2,-6.3031795,108.329835
P3212170201,LOH BENER,2,-6.4075257,108.2390755
P3212170202,KIAJARAN WETAN,2,-6.5188837,108.3488102
P3212171101,CIDEMPET,1,-6.354411199999999,108.2466488
P3212180201,LOSARANG,2,-6.5188837,108.3488102
P3212180202,CEMARA,2,-6.334909499999999,108.1864229
P3212190101,KANDANG HAUR,1,-6.3454434,108.099035
P3212190202,KERTAWINANGUN,2,-6.3160767,108.0592852
P3212200101,BONGAS,1,-6.3734069,108.0361196
P3212200202,SIDAMULYA,2,-6.3535453,108.0515022
P3212210201,ANJATAN,2,-6.33898,107.9679983
P3212210202,BUGIS,2,-6.380995899999999,107.9324442
P3212220101,SUKRA,1,-6.3117622,107.9434923
P3212221201,PATROL,2,-6.3123759,107.9844414
P3213010201,SARANGPANJANG,2,-6.6678194,107.6458192
P3213010202,SAGALA HERANG,2,-6.704429999999999,107.69198
P3213020101,JALAN CAGAK,1,-6.6731446,107.6984879
P3213020202,PALASARI,2,-6.722630499999999,107.6777669
P3213020203,KASOMALANG,2,-6.6731446,107.6984879
P3213030101,CISALAK,1,-6.713983100000001,107.772504
P3213040201,TANJUNGSIANG,2,-6.7440925,107.7902707
P3213050201,TANJUNGWANGI,2,-6.608652699999999,107.7329538
P3213050202,CIRANGKONG,2,-6.6490079,107.7492248
P3213050203,CIPUNAGARA,2,-6.608652699999999,107.7329538
P3213060101,CIBOGO,1,-6.5537207,107.8139614
P3213070201,SUKARAHAYU,2,-6.559852999999999,107.7889416
P3213080201,KALIJATI,2,-6.5095097,107.6765038
P3213080202,RAWALELE,2,-6.540701599999999,107.7155871
P3213090101,CIPEUNDEUY,1,-6.5225298,107.6156133
P3213100101,PABUARAN,1,-6.4127488,107.5845832
P3213100202,PRINGKASAP,2,-6.4225451,107.6244915
P3213110201,PATOKBEUSI,2,-6.3778446,107.5889804
P3213110102,RANCABANGO,1,-6.377384699999999,107.6748069
P3213120201,PURWADADI,2,-6.4075848,107.6866471
P3213130201,CIKAUM,2,-6.4327227,107.8437076
P3213140101,PAGADEN,1,-6.3804502,107.8795576
P3213140202,PEGADEN BARAT,2,-6.457920800000001,107.7784261
P3213140203,GUNUNGSEMBUNG,2,-6.4555587,107.8129773
P3213160201,COMPRENG,2,-6.3004846,107.8700122
P3213160202,JATIREJA,2,-6.408178599999999,107.8850453
P3213170101,BINONG,1,-6.428503,107.8151788
P3213170202,TAMBAK DAHAN,2,-6.3519782,107.8169229
P3213170203,CIKALAPA,2,-6.399999999999999,107.783333
P3213171201,MARIUK,2,-6.3151813,107.8112263
P3213180101,MANDALA WANGI,1,-6.339792,107.6647438
P3213180202,CIASEM,2,-6.3490015,107.6591923
P3213180203,JATIBARU,2,-6.3447055,107.7340132
P3213190101,PAMANUKAN,1,-6.288783200000001,107.8205786
P3213190202,BATANGSARI,2,-6.2837306,107.8133983
P3213200101,PUSAKA NAGARA,1,-6.284548300000001,107.874673
P3213200202,KARANGANYAR,2,-6.284548300000001,107.874673
P3213210201,LEGONKULON,2,-6.2403799,107.8050772
P3213220201,BLANAKAN,2,-6.2746615,107.6623384
P3213220202,CILAMAYA GIRANG,2,-6.2703498,107.6008169
P3214010201,JATILUHUR,2,-6.5439174,107.4219496
P3214010202,KONCARA,2,-6.5439645,107.4407495
P3214011201,SUKASARI,2,-6.5343375,107.2964568
P3214020201,MANIIS,2,-6.7017816,107.3162941
P3214030201,TEGALWARU,2,-6.6370023,107.3523607
P3214040201,PLERED,2,-6.6425597,107.3889906
P3214050201,SUKATANI,2,-6.5983495,107.4220203
P3214060201,DARANGDAN,2,-6.6668991,107.4193276
P3214070201,BOJONG,2,-6.951857,109.601018
P3214080101,WANAYASA,1,-6.100025599999999,106.9424753
P3214081201,KIARAPEDES,2,-6.6453276,107.5744261
P3214090201,PASAWAHAN,2,-6.575935299999999,107.4824751
P3214091201,PONDOKSALAM,2,-6.6113555,107.4924379
P3214100201,MUNJUL JAYA,2,-6.5380327,107.4536262
P3214100202,PURWAKARTA,2,-6.5624379,107.4492971
P3214101201,MULYAMEKAR,2,-6.493351499999999,107.4024947
P3214101202,MARACANG,2,-6.518828699999999,107.4318714
P3214110201,CAMPAKA,2,-6.504933100000001,107.4880231
P3214111101,CIBATU,1,-6.5015167,107.5341781
P3214112201,BUNGURSARI,2,-6.4781114,107.4799717
P3215010201,PANGKALAN,2,-6.4668949,107.2341324
P3215011101,LOJI,1,-6.5382044,107.2459527
P3215020201,CIAMPEL,2,-6.4290116,107.3671431
P3215031201,TELUK JAMBE,2,-6.3255553,107.280025
P3215031202,WADAS,2,-6.3287335,107.2786876
P3215032102,WANAKERTA,1,-6.375206899999999,107.2223127
P3215040101,ANGGADITA/KLARI,1,-6.3602824,107.3723159
P3215040202,CURUG,2,-6.4361675,107.3819264
P3215040203,ANGGADITA,2,-6.350918,107.3346229
P3215050101,CIKAMPEK,1,-6.3879027,107.4469829
P3215051201,PURWASARI,2,-6.3942441,107.4114955
P3215060201,TIRTA MULYA,2,-6.3413331,107.4647284
P3215070101,JATI SARI,1,-6.3645974,107.5298055
P3215070202,PACING,2,-6.3312464,107.5165079
P3215071201,CICINDE,2,-6.3329539,107.5593913
P3215071202,GEMPOL,2,-6.297054399999999,107.5653089
P3215072201,KOTA BARU,2,-6.3983417,107.4795013
P3215072202,JOMIN,2,-6.4120033,107.488391
P3215072203,CIKAMPEK UTARA,2,-6.3886141,107.4632496
P3215081101,CILAMAYA,1,-6.225326,107.5771444
P3215081202,SUKATANI,2,-6.2312258,107.5534739
P3215082201,PASIR RUKEM,2,-6.216555,107.5357224
P3215082202,BAYUR LOR,2,-6.2579937,107.5322445
P3215090201,LEMAHABANG,2,-6.292911,107.4506
P3215100201,TALAGASARI,2,-6.2639878,107.4144526
P3215111201,MAJALAYA,2,-6.3039567,107.3641866
P3215112201,PLAWAD,2,-6.2917043,107.3470662
P3215112202,ADIARSA,2,-6.3208841,107.3168864
P3215113201,KARAWANG KULON,2,-6.3083526,107.3065582
P3215113202,KARAWANG KOTA,2,-6.267597800000001,107.3080186
P3215113203,TUNGGAK JATI,2,-6.2404416,107.281417
P3215113204,NAGASARI,2,-6.2851545,107.3168864
P3215113205,TANJUNGPURA,2,-6.286156600000001,107.2873282
P3215120201,RAWAMERTA,2,-6.242750399999999,107.3641866
P3215120202,BALONGSARI,2,-6.2388496,107.3287106
P3215130101,TEMPURAN,1,-6.1945008,107.4351532
P3215130202,LEMAH DUHUR,2,-6.215871099999999,107.4055814
P3215140101,KUTAWALUYA,1,-6.1822005,107.346448
P3215140202,KUTAMUKTI,2,-6.1465594,107.346448
P3215150101,RENGASDENGKLOK,1,-6.156171899999999,107.299415
P3215150203,KALANGSARI,2,-6.2194518,107.2991511
P3215151201,JAYAKERTA,2,-6.1273773,107.3109745
P3215151102,MEDANGASEM,1,-6.1049669,107.2961953
P3215160101,PEDES,1,-6.0822866,107.3671431
P3215160202,SUNGAI BUNTU,2,-6.056389999999999,107.402603
P3215161201,KERTAMUKTI,2,-6.1340197,107.4174097
P3215170201,CIBUAYA,2,-6.0224668,107.3316667
P3215180101,TIRTAJAYA,1,-6.053208499999999,107.2459527
P3215190101,BATUJAYA,1,-6.0394905,107.1986748
P3215200201,PAKISJAYA,2,-5.9916971,107.1041465
P3216010201,SETU  I,2,-6.328173,107.0512121
P3216010202,SETU   II,2,-6.3664869,107.0273695
P3216021201,SIRNAJAYA,2,-6.404215300000001,107.1218678
P3216022201,SUKADAMI,2,-6.366047699999999,107.1158321
P3216022202,CIBATU,2,-6.3264635,107.1575491
P3216023201,SUKAMAHI,2,-6.370251499999999,107.1825246
P3216030101,CIBARUSAH,1,-6.4363452,107.0805202
P3216031201,KARANG MULYA,2,-6.4560606,107.178027
P3216041201,LEMAH ABANG,2,-6.296512099999999,107.2075388
P3216041202,CIPAYUNG,2,-6.3269875,107.2150586
P3216050101,KEDUNG WARINGIN,1,-6.2602554,107.2251798
P3216050202,KARANG SAMBUNG,2,-6.2601833,107.2252675
P3216062201,KARANG BAHAGIA,2,-6.20811,107.21716
P3216061101,CIKARANG,1,-6.2585934,107.1470724
P3216061102,MEKAR MUKTI,1,-6.2553325,107.145128
P3216070201,WANASARI,2,-6.2601317,107.0840848
P3216070202,SUKAJAYA,2,-6.2408895,107.1479787
P3216071201,DANAU INDAH,2,-6.3137589,107.074614
P3216071202,TELAGA MURNI,2,-6.2607874,107.1162211
P3216081201,TAMBUN,2,-6.2681716,107.062802
P3216081202,MEKARSARI,2,-6.2577614,107.0687079
P3216081203,JATIMULYA,2,-6.2641385,107.0272807
P3216081204,MANGUNJAYA,2,-6.2320483,107.0615308
P3216081205,SUMBER JAYA,2,-6.2403508,107.0692267
P3216081206,LEMBANG SARI,2,-6.2794672,107.0557165
P3216081207,SEETIA MEKAR,2,-6.2476526,107.035827
P3216082101,SRI AMUR,1,-6.176698200000001,107.0509906
P3216082202,KARANG SATRIA,2,-6.233225500000001,107.0425807
P3216090101,BABELAN I,1,-6.1902358,107.0196193
P3216090202,BABELAN II,2,-6.1831663,107.0203126
P3216100101,TARUMA JAYA,1,-6.132354599999999,107.0037509
P3216110201,TAMBELANG,2,-6.1845647,107.1218678
P3216111201,SUKA TENANG,2,-6.109671199999999,107.074614
P3216120101,SUKATANI,1,-6.188100899999999,107.1691308
P3216121201,SUKAINDAH,2,-6.1169666,107.1632224
P3216130201,PEBAYURAN,2,-6.2098513,107.281417
P3216130202,KARANGHARJA,2,-6.108072600000001,107.2016295
P3216140101,CABANG BUNGIN,1,-6.077141,107.1446978
P3216150201,MUARA GEMBONG,2,-5.9848653,107.0436783
P3217010201,RONGGA,2,-7.0100384,107.2873282
P3217020101,GUNUNGHALU,1,-7.024467,107.3135784
P3217030201,SINDANGKERTA,2,-6.9924139,107.4062623
P3217030202,CICANGKANGGIRANG,2,-7.0039941,107.3789697
P3217040101,CILILIN,1,-6.9449214,107.4950026
P3217040202,MUKAPAYUNG,2,-7.0020139,107.4636612
P3217050201,CIHAMPELAS,2,-6.928824499999999,107.4868639
P3217050202,PATARUMAN,2,-6.9526666,107.5236986
P3217060201,CIPONGKOR,2,-6.9346463,107.359194
P3217060202,CITALEM,2,-6.9551334,107.3908441
P3217070201,BATUJAJAR,2,-6.870682899999999,107.5373628
P3217080101,RAJAMANDALA,1,-6.8311511,107.3688177
P3217080202,CIPATAT,2,-6.832729500000001,107.3533627
P3217080203,SUMURBANDUNG,2,-6.7938744,107.4407391
P3217090201,PADALARANG,2,-6.843272199999999,107.4857169
P3217090202,TAGOGAPU,2,-6.8156509,107.4727177
P3217090203,JAYAMEKAR,2,-6.8420913,107.4832062
P3217100201,NGAMPRAH,2,-6.8332276,107.4984436
P3217100202,CIMAREME,2,-6.863410099999999,107.503249
P3217110201,PARONGPONG,2,-6.8803637,107.5653574
P3217110202,CIWARUGA,2,-6.8470207,107.5821811
P3217120201,LEMBANG,2,-6.8171082,107.6218344
P3217120202,CIKOLE,2,-6.808551,107.6499748
P3217120103,JAYAGIRI,1,-6.809660399999999,107.6180551
P3217120204,CIBODAS,2,-6.8710505,107.5955349
P3217130201,CISARUA,2,-6.8201842,107.5565135
P3217130202,PASIRLANGU,2,-6.8022902,107.534862
P3217140101,CIKALONGWETAN,1,-6.7999214,107.4459465
P3217140202,RENDE,2,-6.7353175,107.4026244
P3217150201,CIPEUNDEUY,2,-6.7397743,107.3618202
P3217150202,CIRATA,2,-6.6732185,107.3535186
P3271010101,BOGOR SELATAN,1,-6.6187643,106.808939
P3271010102,CIPAKU,1,-6.6422429,106.8140683
P3271010203,LAWANG GINTUNG,2,-6.626461099999999,106.813413
P3271010204,BONDONGAN,2,-6.6148995,106.8038135
P3271020101,BOGOR TIMUR,1,-6.606637999999999,106.8108645
P3271020202,PULO ARMYN,2,-6.610142,106.8113749
P3271030101,TEGAL GUNDIL,1,-6.5800521,106.8134019
P3271030202,BOGOR UTARA,2,-6.5917672,106.8120341
P3271030203,WARUNG JAMBU,2,-6.5688401,106.8113216
P3271040101,BOGOR TENGAH,1,-6.5929059,106.7945024
P3271040202,SEMPUR,2,-6.5858152,106.7986498
P3271040203,GANG AUT,2,-6.6106625,106.8034091
P3271040204,BELONG,2,-6.606233,106.8028833
P3271040205,MERDEKA,2,-6.5859144,106.7869615
P3271050201,GANG KELOR,2,-6.578961199999999,106.7725313
P3271050102,SEMPLAK,1,-6.5645503,106.7626736
P3271050203,PANCASAN,2,-6.6067561,106.7898697
P3271050204,PASIR MULYA,2,-6.5961855,106.7795969
P3271050205,SINDANG BARANG,2,-6.5621274,106.75611
P3271060101,TANAH SAREAL,1,-6.575902399999999,106.7995488
P3271060202,PONDOK RUMPUT,2,-6.5717585,106.7940991
P3271060203,KAYU MANIS,2,-6.5222256,106.7749188
P3271060104,KEDUNG BADAK,1,-6.564190000000001,106.7898
P3271060205,MEKARWANGI,2,-6.5449831,106.7825465
P3272010201,BAROS,2,-6.969198899999999,106.9488391
P3272011201,LEMBURSITU,2,-6.9586742,106.8936179
P3272011202,CIKUNDUL,2,-6.9615481,106.9083636
P3272012201,CIBEUREM HILIR,2,-6.9285975,106.9461213
P3272012202,LIMUS NUNGGAL,2,-6.9414082,106.9412516
P3272020201,TIPAR,2,-6.9314946,106.932383
P3272020202,GEDONG PANJANG,2,-6.9458723,106.934538
P3272020203,NANGGELENG,2,-6.9338519,106.9349975
P3272030201,BENTENG,2,-6.9262596,106.9151599
P3272030202,PABUARAN,2,-6.930379899999999,106.9201777
P3272030203,SUKAKARYA,2,-6.9183773,106.9060702
P3272040201,CIPELANG,2,-6.9195347,106.9182393
P3272040202,KARANG TENGAH,2,-6.9128718,106.9192979
P3272050201,SELABATU,2,-6.9143613,106.9302368
P3272050202,SUKABUMI,2,-6.9228153,106.9382777
P3273010201,UPT CIBUNTU,2,-6.9257793,107.5735777
P3273010202,CIJERAH,2,-6.9213903,107.5654245
P3273010203,CIGONDEWAH,2,-6.9373138,107.5665744
P3273010204,UPT CARINGIN,2,-6.9456799,107.5835509
P3273020201,SUKAHAJI,2,-6.9334867,107.5836269
P3273020202,CIBOLERANG,2,-6.9505349,107.5731141
P3273030201,SUKA PARKIR,2,-6.922226,107.5890328
P3273030202,UPT CETARIP,2,-6.941870199999999,107.5934673
P3273040201,UPT KOPO,2,-6.94652,107.5890895
P3273050201,UPT PAGARSIH,2,-6.922855999999999,107.5930954
P3273050202,LIO GENTENG,2,-6.9324827,107.6007901
P3273050203,PELINDUNG HEWAN,2,-6.9299008,107.5993373
P3273050204,ASTANA ANYAR,2,-6.9279382,107.6002531
P3273060201,UPT PASUNDAN,2,-6.9274014,107.6090011
P3273060202,MOCH. RAMDAN,2,-6.9373232,107.6091529
P3273060203,PASIR LUYU,2,-6.9512572,107.6214027
P3273070201,UPT TALAGA BODAS,2,-6.9283573,107.6227556
P3273070202,SURYALAYA,2,-6.9451844,107.6222595
P3273070203,CIJAGRA LAMA,2,-6.9471342,107.6327962
P3273070204,CIJAGRA BARU,2,-6.9428414,107.6264215
P3273080201,PASAWAHAN,2,-6.9608357,107.6115569
P3273080202,MENGGER,2,-6.9508425,107.6166558
P3273080203,UPT KUJANG SARI,2,-6.9651889,107.6365477
P3273090201,UPT MARGAHAYU RAYA,2,-6.955666399999999,107.6625757
P3273090202,SEKEJATI,2,-6.946468599999999,107.6615682
P3273100201,DERWATI,2,-6.9642921,107.6822532
P3273100202,UPT CIPAMOKOLAN,2,-6.9437163,107.6765336
P3273100203,UPT RIUNG BANDUNG,2,-6.9454404,107.6848417
P3273101201,CEMPAKA ARUM,2,-6.9583694,107.7079259
P3273110201,CILENGKRANG,2,-6.913842799999999,107.7194563
P3273110202,UPT CIBIRU,2,-6.924293,107.7101601
P3273110203,CIPADUNG,2,-6.9067264,107.731226
P3273110204,PANYILEUKAN,2,-6.9156192,107.7105391
P3273111201,UPT PANGHEGAR,2,-6.9272266,107.6991613
P3273120201,UPT CINAMBO,2,-6.9393309,107.6926235
P3273120202,UPT UJUNG BERUNG IND,2,-6.9110073,107.6986118
P3273130201,UPT ARCAMANIK,2,-6.914866099999999,107.6786162
P3273130202,UPT SINDANG JAYA,2,-6.9032908,107.6803773
P3273130203,RUSUNAWA,2,-6.9294286,107.6764372
P3273141201,UPT GRIYA ANTAPANI,2,-6.9166512,107.6605854
P3273141202,ANTAPANI,2,-6.9137176,107.6635658
P3273141203,JAJAWAY,2,-6.9255089,107.6626111
P3273142201,MANDALA MEKAR,2,-6.8913691,107.6633558
P3273142202,PAMULANG,2,-6.8980007,107.6688048
P3273142203,GIRIMANDE,2,-6.8980007,107.6688048
P3273150201,UPT BABAKANSARI,2,-6.9242615,107.6546323
P3273150202,BABAKAN SURABAYA,2,-6.9153492,107.6474224
P3273160201,AHMAD YANI,2,-6.9162954,107.6341197
P3273160202,GUMURUH,2,-6.9371553,107.6313773
P3273160203,UPT IBRAHIM ADJIE,2,-6.9189965,107.6438674
P3273170201,UPT TAMBLONG,2,-6.9181696,107.61269
P3273170202,BALAI KOTA,2,-6.9116684,107.6097503
P3273180201,BABATAN,2,-6.9185185,107.6011728
P3273180202,UPT GARUDA,2,-6.911396,107.577379
P3273190201,UPT PASIR KALIKI,2,-6.9006199,107.5976959
P3273200201,UPT SALAM,2,-6.9097436,107.6297012
P3273200202,TAMAN SARI,2,-6.8970293,107.6073191
P3273210201,UPT PADASUKA,2,-6.9030647,107.6530921
P3273210202,PASIRLAYUNG,2,-6.8896587,107.6596164
P3273210203,JATIHANDAP,2,-6.9017541,107.6577331
P3273220201,CIKUTRA LAMA,2,-6.891381099999999,107.6272665
P3273220202,UPT NEGLASARI,2,-6.8939497,107.6403156
P3273230201,DAGO,2,-6.876074099999999,107.6187454
P3273230202,UPT PUTER,2,-6.898008600000001,107.6220639
P3273230203,SEKELOA,2,-6.8896606,107.6168515
P3273240201,SUKA WARNA,2,-6.885789,107.5792934
P3273240202,UPT SUKA JADI,2,-6.8923914,107.5922056
P3273240203,KARANG SETRA,2,-6.877777099999999,107.5908711
P3273250201,LEDENG,2,-6.8578157,107.5934306
P3273250202,UPT SUKA RASA,2,-6.8683383,107.5814995
P3273250203,SARIJADI,2,-6.8753899,107.5773609
P3273260201,CIPAKU,2,-6.8627375,107.5998177
P3273260202,UPT CIUMBULEUIT,2,-6.8782834,107.602891
P3274010201,KALITANJUNG,2,-6.7445441,108.541794
P3274010202,LARANGAN,2,-6.7459984,108.5633932
P3274010203,PERUMNAS UTARA,2,-6.7385484,108.5640562
P3274010204,SITOPENG,2,-6.768152499999999,108.548054
P3274010205,KALIJAGA PERMAI,2,-6.757145899999999,108.5594554
P3274020201,KESUNENAN,2,-6.7278055,108.5758288
P3274020202,PEGAMBIRAN,2,-6.7362851,108.5758011
P3274020203,PESISIR,2,-6.7070389,108.5636114
P3274020204,CANGKOL,2,-6.7218072,108.572396
P3274030201,JAGASATRU,2,-6.728527,108.5619034
P3274030202,ASTANAGARIB,2,-6.722693599999999,108.5659519
P3274030203,PEKALANGAN,2,-6.7188587,108.5620265
P3274030204,PULASAREN,2,-6.725309,108.5672476
P3274040201,KESAMBI,2,-6.7191199,108.5522838
P3274040202,GUNUNG SARI,2,-6.7146916,108.5532297
P3274040203,SUNYARAGI,2,-6.7321594,108.4977239
P3274040204,MAJASEM,2,-6.7364615,108.5309379
P3274040205,DRAJAT,2,-6.7401684,108.5162989
P3274050201,KEJAKSAN,2,-6.7050332,108.5573214
P3274050202,JALAN KEMBANG,2,-6.709149399999999,108.55345
P3274050203,NELAYAN,2,-6.707084699999999,108.5629283
P3274050204,PAMITRAN,2,-6.712604,108.5583406
P3275010101,PONDOK GEDE,1,-6.2702696,106.9119127
P3275010202,JATIBENING,2,-6.262809,106.9557655
P3275010203,JATIMAKMUR,2,-6.2746147,106.9261853
P3275011101,JATISAMPURNA,1,-6.3629976,106.9268871
P3275012201,JATIRAHAYU,2,-6.2955877,106.9258195
P3275012202,JATIWARNA,2,-6.3052909,106.9335547
P3275020201,JATI ASIH,2,-6.2917466,106.9640011
P3275020202,JATI LUHUR,2,-6.3106333,106.9487964
P3275030101,BANTAR GEBANG,1,-6.3220437,106.984431
P3275031201,MUSTIKA JAYA,2,-6.2732654,107.0333865
P3275040201,DUREN JAYA,2,-6.2473453,107.0295362
P3275040202,WISMA JAYA,2,-6.230900399999999,107.0314841
P3275040203,KARANG KITRI,2,-6.257309299999999,107.0091101
P3275040204,AREN JAYA,2,-6.2142579,106.9681471
P3275041201,PENGASINAN,2,-6.2733101,107.0094759
P3275041202,BOJONG MENTENG,2,-6.221995799999999,107.0159597
P3275041203,BOJONG RAWA LUMBU,2,-6.2586924,107.0041804
P3275050201,PERUMNAS II,2,-6.2457968,106.989183
P3275050202,JAKA MULYA,2,39.0457549,-76.64127119999999
P3275050203,PEKAYON JAYA,2,-6.2675318,106.9753914
P3275050204,MARGA JAYA,2,-6.2409609,106.9941287
P3275060201,KOTA BARU,2,-6.2130543,106.9673759
P3275060202,RAWA TEMBAGA,2,-6.2334954,106.981166
P3275060203,BINTARA,2,-6.2312906,106.9599836
P3275060204,BINTARA JAYA,2,-6.239538899999999,106.9469594
P3275060205,KRANJI,2,-6.2290513,106.9706634
P3275061201,PEJUANG,2,-6.236203799999999,106.9774091
P3275070101,SEROJA,1,-6.205341000000001,106.989237
P3275070202,TELUK PUCUNG,2,-6.1800418,106.9972815
P3275070203,MARGA MULYA,2,-6.221935999999999,107.0250175
P3275070204,KALIABANG TENGAH,2,-6.2357532,107.0223699
P3276030101,SUKMAJAYA,1,-6.389111400000001,106.838166
P3276040101,CIMANGGIS,1,-6.3939207,106.8648787
P3276020201,PANCORAN MAS,2,-6.402924899999999,106.8193358
P3276020202,DEPOK JAYA,2,-6.3903417,106.8124738
P3276020203,RANGKAPAN JAYA,2,-6.4112008,106.7916539
P3276020204,CIPAYUNG,2,-6.4199978,106.7932904
P3276050201,BEJI,2,-6.3761459,106.8216684
P3276050203,KEMIRIMUKA,2,-6.378314899999999,106.8354976
P3276050202,TANAH BARU,2,-6.388739999999999,106.80493
P3276030206,PONDOK SUKMAJAYA,2,-6.40935,106.8449456
P3276030202,ABADIJAYA,2,-6.395046700000001,106.8517512
P3276030203,BHAKTIJAYA,2,-6.375054599999999,106.8526619
P3276030207,CILODONG,2,-6.4344241,106.8389653
P3276030205,KALIMULYA,2,-6.446492,106.8190641
P3276030204,VILLA PERTIWI,2,-6.4194766,106.8545278
P3276040204,TUGU,2,-6.3564443,106.8569758
P3276040207,PASIR GUNUNG SELATA,2,-6.3441792,106.8386717
P3276040206,HARJAMUKTI,2,-6.382235,106.89094
P3276040208,MEKARSARI,2,-6.3668456,106.8704839
P3276040203,SUKATANI,2,-6.3971463,106.8898534
P3276040202,TAPOS,2,-6.4100274,106.8903073
P3276040205,JATIJAJAR,2,-6.4202809,106.8594967
P3276040209,CILANGKAP,2,-6.43439,106.8664782
P3276040210,CIMPAEUN,2,-6.448662499999999,106.8660538
P3276010201,SAWANGAN,2,-6.4049964,106.7634112
P3276010204,KEDAUNG,2,-6.3624916,106.7496402
P3276010203,PASIR PUTIH,2,-6.4255741,106.7842231
P3276010205,PENGASINAN,2,-6.4204249,106.7378541
P3276010202,DUREN SERIBU,2,-6.397840899999999,106.7769959
P3276010206,BOJONGSARI,2,-6.359727899999999,106.7292986
P3276060202,CINERE,2,-6.3497957,106.7759348
P3276060201,L I M O,2,-6.374631,106.789989
P3277010201,CIMAHI SELATAN,2,-6.895099399999999,107.5365001
P3277010202,MELONG ASIH,2,-6.926173599999999,107.5631847
P3277010203,CIBEUREUM,2,-6.9049331,107.5656268
P3277010204,CIBEBER,2,-6.883443,107.522147
P3277010205,LEUWIGAJAH,2,-6.883443,107.522147
P3277010206,MELONG TENGAH,2,-6.922328,107.5532749
P3277020201,CIMAHI TENGAH,2,-6.872030199999999,107.5422173
P3277020202,CIGUGUR TENGAH,2,-6.8873089,107.5482564
P3277020203,PADA SUKA,2,-6.8735195,107.5276488
P3277030201,CIMAHI UTARA,2,-6.8739329,107.5560512
P3277030202,CIPAGERAN,2,-6.8549068,107.5389352
P3277030203,PASIRKALIKI,2,-6.8882624,107.5719122
P3277030204,CITEUREUP,2,-6.488220699999999,106.8816138
P3278010201,KAWALU,2,-7.3731796,108.212472
P3278010202,KARANGANYAR,2,-7.372427399999999,108.1814105
P3278010203,LEUWILIANG,2,-7.385103799999999,108.2064666
P3278020201,TAMANSARI,2,-7.2941689,108.168068
P3278030201,CIBEUREUM,2,-7.3549766,108.2699499
P3278031201,PURBARATU,2,-7.336839400000001,108.2599946
P3278040201,KAHURIPAN,2,-7.3431281,108.2281373
P3278040202,TAWANG,2,-7.3236255,108.2207002
P3278050201,CIHIDEUNG,2,-7.3410667,108.2082573
P3278050202,CILEMBANG,2,-7.3278793,108.2116884
P3278060201,MANGKUBUMI,2,-7.3405895,108.1587688
P3278060202,SAMBONGPARI,2,-7.345253,108.2040141
P3278070201,INDIHIANG,2,-7.3171756,108.1982578
P3278070202,PARAKANYASAG,2,-7.3013718,108.2087728
P3278071201,BUNGURSARI,2,-7.305730000000001,108.1695504
P3278071202,SUKALAKSANA,2,-7.2941689,108.168068
P3278071203,BANTAR,2,-7.323034,108.2010351
P3278080201,CIPEDES,2,-7.316283399999999,108.2167632
P3278080202,PANGLAYUNGAN,2,-7.3180346,108.2058489
P3278080203,CIGEUREUNG,2,-7.3022112,108.221282
P3279010201,BANJAR I,2,-7.370674,108.5068265
P3279010202,BANJAR II,2,-7.3836362,108.4827542
P3279010203,BANJAR III,2,-7.377626099999999,108.5368833
P3279020201,PURWAHARJA I,2,-7.359926999999999,108.5425213
P3279020202,PURWAHARJA II,2,-7.3583804,108.5695628
P3279030201,PATARUMAN I,2,-7.3861054,108.5392712
P3279030202,PATARUMAN II,2,-7.4078206,108.5868525
P3279030203,PATARUMAN III,2,-7.3706874,108.5342487
P3279040101,LANGENSARI II,1,-7.3522662,108.6418865
P3279040202,LANGENSARI I,2,-7.37186,108.6274957
